t,E,V,T,v
1440,15600.0,0.19998951532848086,64.22280992683875,0.0
1440,0.0,0.112,49.829294470927145,0.0
1441,0.0,0.1048,49.65929786187443,0.0
1442,0.0,0.10192000000000001,49.49000710913129,0.0
1443,0.0,0.10076800000000001,49.32141916222749,0.0
1444,0.0,0.10030720000000001,49.15353098387587,0.0
1445,120.0,0.16012288000000002,50.90933215320628,0.0
1446,240.0,0.18404915200000002,53.120908079543675,0.0
1447,360.0,0.1936196608,55.52199833706446,0.0
1448,480.0,0.19744786432,58.001625985627605,0.0
1449,600.0,0.19897914572800002,60.512088217908016,0.0
1450,600.0,0.1995916582912,60.40387656793484,0.0
1451,600.0,0.19983666331648,60.29588433935533,0.0
1452,600.0,0.19993466532659201,60.18811105803728,0.0
1453,600.0,0.1999738661306368,60.08055625087298,0.0
1454,600.0,0.19998954645225472,59.97321944577705,0.0
1455,600.0,0.1399958185809019,59.75898089759132,0.0
1456,600.0,0.11599832743236077,59.54566821534777,0.0
1457,600.0,0.10639933097294431,59.33327739776954,0.0
1458,600.0,0.10255973238917773,59.12180446087194,0.0
1459,600.0,0.1010238929556711,58.91124543788771,0.0
1460,600.0,0.22040955718226846,57.385086202646576,0.0
1461,600.0,0.2681638228729074,56.759306847247494,0.0
1462,600.0,0.287265529149163,56.4732903801161,0.0
1463,600.0,0.29490621165966524,56.3199581072217,0.0
1464,600.0,0.2979624846638661,56.21918046518691,0.0
1465,600.0,0.17918499386554645,56.021165593212366,0.0
1466,600.0,0.13167399754621859,55.82400647398427,0.0
1467,600.0,0.11266959901848744,55.6276994092311,0.0
1468,600.0,0.10506783960739498,55.43224071666399,0.0
1469,600.0,0.102027135842958,55.23762672990768,0.0
1470,600.0,0.1608108543371832,55.14074026416971,0.0
1471,600.0,0.18432434173487328,55.04404874803342,0.0
1472,600.0,0.19372973669394933,54.94755176024597,0.0
1473,600.0,0.19749189467757974,54.85124888046477,0.0
1474,600.0,0.1989967578710319,54.75513968925552,0.0
1475,600.0,0.13959870314841277,54.56330784692496,0.0
1476,600.0,0.1158394812593651,54.3722762253356,0.0
1477,600.0,0.10633579250374604,54.182041366206306,0.0
1478,600.0,0.10253431700149843,53.99259982620145,0.0
1479,600.0,0.10101372680059938,53.80394817686633,0.0
1480,600.0,0.10040549072023976,53.616083004562846,0.0
1481,600.0,0.1001621962880959,53.429000910405485,0.0
1482,600.0,0.10006487851523836,53.24269851019756,0.0
1483,600.0,0.10002595140609535,53.05717243436773,0.0
1484,600.0,0.10001038056243815,52.872419327906776,0.0
1485,600.0,0.16000415222497527,51.864770516104244,0.0
1486,600.0,0.18400166088999012,51.42084460291537,0.0
1487,600.0,0.19360066435599604,51.192486188618034,0.0
1488,600.0,0.19744026574239842,51.04876379254288,0.0
1489,600.0,0.1989761062969594,50.938679301904386,0.0
1490,720.0,0.19959044251878377,53.49141894556193,0.0
1491,840.0,0.19983617700751352,56.03864255413776,0.0
1492,960.0,0.19993447080300542,58.5803620468431,0.0
1493,1080.0,0.19997378832120216,61.11658931713379,0.0
1494,1200.0,0.19998951532848086,63.647336232765944,0.0
1495,1200.0,0.19999580613139234,63.53206173585149,0.0
1496,1200.0,0.19999832245255694,63.41703632746849,0.0
1497,1200.0,0.1999993289810228,63.30225946937909,0.0
1498,1200.0,0.19999973159240914,63.18773062450849,0.0
1499,1200.0,0.19999989263696366,63.07344925694242,0.0
1500,1200.0,0.13999995705478546,62.84538040690683,0.0
1501,1200.0,0.11599998282191419,62.61826838160161,0.0
1502,1200.0,0.10639999312876568,62.392109045956595,0.0
1503,1200.0,0.10255999725150627,62.166898282771974,0.0
1504,1200.0,0.10102399890060251,61.942631992641076,0.0
1505,1200.0,0.160409599560241,61.83096904325726,0.0
1506,1200.0,0.1841638398240964,61.71953297293664,0.0
1507,1200.0,0.19366553592963856,61.60832329143224,0.0
1508,1200.0,0.19746621437185544,61.49733950955643,0.0
1509,1200.0,0.19898648574874217,61.38658113917864,0.0
1510,1200.0,0.1395945942994969,61.16551424726745,0.0
1511,1200.0,0.11583783771979876,60.945373920011555,0.0
1512,1200.0,0.1063351350879195,60.72615615311449,0.0
1513,1200.0,0.1025340540351678,60.50785695958501,0.0
1514,1200.0,0.10101362161406713,60.290472369662304,0.0
1515,1200.0,0.16040544864562686,59.0543725102083,0.0
1516,1200.0,0.18416217945825075,58.5124180275617,0.0
1517,1200.0,0.1936648717833003,58.23605568003063,0.0
1518,1200.0,0.19746594871332013,58.063998851710224,0.0
1519,1200.0,0.19898637948532805,57.9334007283139,0.0
1520,1200.0,0.13959455179413122,57.72711324918039,0.0
1521,1200.0,0.11583782071765249,57.52171727418022,0.0
1522,1200.0,0.106335128287061,57.317208950536546,0.0
1523,1200.0,0.1025340513148244,57.113584442122935,0.0
1524,1200.0,0.10101362052592977,56.91083992939137,0.0
1525,1200.0,0.16040544821037192,56.809905769346,0.0
1526,1200.0,0.18416217928414877,56.70918971080939,0.0
1527,1200.0,0.1936648717136595,56.60869128250137,0.0
1528,1200.0,0.1974659486854638,56.50841001416013,0.0
1529,1200.0,0.19898637947418552,56.40834543654,0.0
1530,1200.0,0.13959455178967423,56.20864872627859,0.0
1531,1200.0,0.11583782071586969,56.00981503709513,0.0
1532,1200.0,0.10633512828634788,55.81184063930685,0.0
1533,1200.0,0.10253405131453916,55.61472181934939,0.0
1534,1200.0,0.10101362052581567,55.41845487970715,0.0
1535,1200.0,0.2204054482103263,54.03666608269996,0.0
1536,1200.0,0.26816217928413055,53.468964482468685,0.0
1537,1200.0,0.2872648717136522,53.208445267150374,0.0
1538,1200.0,0.29490594868546094,53.06788101523802,0.0
1539,1200.0,0.2979623794741844,52.97482816619137,0.0
1540,1200.0,0.17918495178967378,52.78996994661896,0.0
1541,1200.0,0.13167398071586953,52.60591062122821,0.0
1542,1200.0,0.11266959228634782,52.42264673747092,0.0
1543,1200.0,0.10506783691453914,52.24017485771962,0.0
1544,1200.0,0.10202713476581565,52.058491559203105,0.0
1545,1200.0,0.16081085390632627,51.96804249657266,0.0
1546,1200.0,0.18432434156253052,51.877788878943356,0.0
1547,1200.0,0.19372973662501222,51.78773028399188,0.0
1548,1200.0,0.19749189465000488,51.69786629030747,0.0
1549,1200.0,0.19899675786000195,51.60819647738999,0.0
1550,1200.0,0.1395987031440008,51.429244373905796,0.0
1551,1200.0,0.11583948125760032,51.25106564038373,0.0
1552,1200.0,0.10633579250304014,51.07365693458256,0.0
1553,1200.0,0.10253431700121605,50.89701492870508,0.0
1554,1200.0,0.10101372680048643,50.721136309335705,0.0
1555,1320.0,0.16040549072019458,52.43186636373908,0.0
1556,1440.0,0.18416219628807784,54.62383518325917,0.0
1557,1560.0,0.19366487851523115,57.01499732675465,0.0
1558,1680.0,0.19746595140609247,59.48846429942692,0.0
1559,1800.0,0.198986380562437,61.994252735917456,0.0
1560,1800.0,0.1995945522249748,61.87026418447328,0.0
1561,1800.0,0.19983782088998991,61.753800710092186,0.0
1562,1800.0,0.19993512835599597,61.64048229479728,0.0
1563,1800.0,0.1999740513423984,61.52856262339347,0.0
1564,1800.0,0.19998962053695937,61.41734500336147,0.0
1565,1800.0,0.13999584821478375,61.19600110522208,0.0
1566,1800.0,0.11599833928591351,60.97561377992418,0.0
1567,1800.0,0.10639933571436541,60.75617889348618,0.0
1568,1800.0,0.10255973428574616,60.537692329792144,0.0
1569,1800.0,0.10102389371429847,60.32014999051458,0.0
1570,1800.0,0.1604095574857194,60.211848892776075,0.0
1571,1800.0,0.18416382299428777,60.10378181524249,0.0
1572,1800.0,0.19366552919771512,59.99594825223607,0.0
1573,1800.0,0.19746621167908607,59.88834769917173,0.0
1574,1800.0,0.19898648467163443,59.78097965255473,0.0
1575,1800.0,0.13959459386865378,59.56670756740182,0.0
1576,1800.0,0.11583783754746152,59.35336149312642,0.0
1577,1800.0,0.10633513501898462,59.14093742782532,1.0
1578,1800.0,0.10253405400759386,56.87459150453088,0.0
1579,1800.0,0.10101362160303755,56.67287983777037,0.0
1580,1800.0,0.16040544864121503,56.57245986890649,0.0
1581,1800.0,0.18416217945648602,56.47225689047192,0.0
1582,1800.0,0.19366487178259442,56.372270433587325,0.0
1583,1800.0,0.19746594871303777,56.27250003038656,0.0
1584,1800.0,0.1989863794852151,56.172945214014455,0.0
1585,1800.0,0.13959455179408606,55.974265823234816,0.0
1586,1800.0,0.11583782071763443,55.77644505702528,0.0
1587,1800.0,0.10633512828705377,55.57947920470327,0.0
1588,1800.0,0.10253405131482152,55.38336457162252,0.0
1589,1800.0,0.1010136205259286,55.188097479103774,0.0
1590,1800.0,0.16040544821037145,55.09088587173477,0.0
1591,1800.0,0.18416217928414857,54.99388432207295,0.0
1592,1800.0,0.19366487171365943,54.89709237621943,0.0
1593,1800.0,0.19746594868546377,54.80050958125613,0.0
1594,1800.0,0.19898637947418552,54.70413548524363,0.0
1595,1800.0,0.13959455178967423,54.51180378919455,0.0
1596,1800.0,0.11583782071586969,54.32030328514374,0.0
1597,1800.0,0.10633512828634788,54.129630380962844,0.0
1598,1800.0,0.10253405131453916,53.93978150004747,0.0
1599,1800.0,0.10101362052581567,53.75075308125008,0.0
1600,1800.0,0.10040544821032626,53.56254157881322,0.0
1601,1800.0,0.10016217928413051,53.375143462302965,0.0
1602,1800.0,0.1000648717136522,53.18855521654274,0.0
1603,1800.0,0.10002594868546089,53.00277334154735,0.0
1604,1800.0,0.10001037947418435,52.81779435245737,0.0
1605,1800.0,0.16000415178967375,51.81169429766717,0.0
1606,1800.0,0.18400166071586951,51.36830703564714,0.0
1607,1800.0,0.1936006642863478,51.1400994830822,0.0
1608,1800.0,0.19744026571453913,50.996375279703855,0.0
1609,1800.0,0.19897610628581566,50.88622834091916,0.0
1610,1920.0,0.19959044251432628,53.43886523921137,0.0
1611,2040.0,0.19983617700573053,55.98598632443707,0.0
1612,2160.0,0.1999344708022922,58.52760351532776,0.0
1613,2280.0,0.1999737883209169,61.06372870486058,0.0
1614,2400.0,0.19998951532836676,63.59437376031398,0.0
1615,2400.0,0.1999958061313467,63.47886771536655,0.0
1616,2400.0,0.19999832245253868,63.363689350115955,0.0
1617,2400.0,0.19999932898101547,63.24879101420543,0.0
1618,2400.0,0.1999997315924062,63.134153378409124,0.0
1619,2400.0,0.1999998926369625,63.01976841078835,0.0
1620,2400.0,0.13999995705478502,62.79149938516634,0.0
1621,2400.0,0.11599998282191401,62.564216860425084,0.0
1622,2400.0,0.10639999312876561,62.33791657324421,0.0
1623,2400.0,0.10255999725150625,62.112594278727954,0.0
1624,2400.0,0.1010239989006025,61.88824575032555,0.0
1625,2400.0,0.160409599560241,61.77655626503876,0.0
1626,2400.0,0.1841638398240964,61.66510812168459,0.0
1627,2400.0,0.19366553592963856,61.55390079876429,0.0
1628,2400.0,0.19746621437185544,61.442933775905956,0.0
1629,2400.0,0.19898648574874217,61.33220653386214,0.0
1630,2400.0,0.1395945942994969,61.11123057515263,0.0
1631,2400.0,0.11583783771979876,60.89120959917588,0.0
1632,2400.0,0.1063351350879195,60.6721394788222,0.0
1633,2400.0,0.1025340540351678,60.45401610481787,0.0
1634,2400.0,0.10101362161406713,60.23683538564803,0.0
1635,2400.0,0.16040544864562686,60.128714316564,0.0
1636,2400.0,0.18416217945825075,60.02082687867367,0.0
1637,2400.0,0.1936648717833003,59.91317256713985,0.0
1638,2400.0,0.19746594871332013,59.80575087821626,0.0
1639,2400.0,0.19898637948532805,59.69856130924509,0.0
1640,2400.0,0.13959455179413122,59.48464540806434,0.0
1641,2400.0,0.11583782071765249,59.27165397845543,0.0
1642,2400.0,0.106335128287061,59.05958302516753,0.0
1643,2400.0,0.1025340513148244,58.84842857021587,0.0
1644,2400.0,0.10101362052592977,58.63818665280722,0.0
1645,2400.0,0.16040544821037192,57.45496982932582,0.0
1646,2400.0,0.18416217928414877,56.93556515343658,0.0
1647,2400.0,0.1936648717136595,56.67013994379508,0.0
1648,2400.0,0.1974659486854638,56.50445783252957,0.0
1649,2400.0,0.19898637947418552,56.37842115689872,0.0
1650,2400.0,0.13959455178967423,56.178853769168654,0.0
1651,2400.0,0.11583782071586969,55.98014884362867,0.0
1652,2400.0,0.10633512828634788,55.78230265301131,0.0
1653,2400.0,0.10253405131453916,55.585311486157096,0.0
1654,2400.0,0.10101362052581567,55.38917164794492,0.0
1655,2400.0,0.2204054482103263,54.00859628510276,0.0
1656,2400.0,0.26816217928413055,53.44138420731482,0.0
1657,2400.0,0.2872648717136522,53.18108122467737,0.0
1658,2400.0,0.29490594868546094,53.040626439333145,0.0
1659,2400.0,0.2979623794741844,52.94764075874705,0.0
1660,2400.0,0.17918495178967378,52.76290003387773,0.0
1661,2400.0,0.13167398071586953,52.578957695418026,0.0
1662,2400.0,0.11266959228634782,52.395810293014165,0.0
1663,2400.0,0.10506783691453914,52.213454391223614,0.0
1664,2400.0,0.10202713476581565,52.03188656945065,0.0
1665,2400.0,0.10081085390632627,51.8511034218822,0.0
1666,2400.0,0.1003243415625305,51.671130368483716,0.0
1667,2400.0,0.1001297366250122,51.49196390830446,0.0
1668,2400.0,0.10005189465000489,51.31360055552363,0.0
1669,2400.0,0.10002075786000196,51.13603683938492,0.0
1670,2400.0,0.10000830314400079,50.95926930413149,0.0
1671,2400.0,0.10000332125760032,50.78329450894106,0.0
1672,2400.0,0.10000132850304014,50.608109027861445,0.0
1673,2400.0,0.10000053140121606,50.43370944974623,0.0
1674,2400.0,0.10000021256048643,50.26009237819083,0.0
1675,2520.0,0.16000008502419458,51.977239645861985,0.0
1676,2640.0,0.18400003400967785,54.17217356422469,0.0
1677,2760.0,0.19360001360387114,56.565092768372104,0.0
1678,2880.0,0.19744000544154847,59.039912317062594,0.0
1679,3000.0,0.1989760021766194,61.54692853644923,0.0
1680,3000.0,0.19959040087064778,61.424137183630044,0.0
1681,3000.0,0.19983616034825913,61.30885961365808,0.0
1682,3000.0,0.19993446413930366,61.19672104971112,0.0
1683,3000.0,0.19997378565572146,61.0859772836417,0.0
1684,3000.0,0.1999895142622886,60.97593246968159,0.0
1685,3000.0,0.13999580570491543,60.75692837187153,0.0
1686,3000.0,0.11599832228196617,60.5388707350839,0.0
1687,3000.0,0.10639932891278647,60.32175546903693,0.0
1688,3000.0,0.1025597315651146,60.10557850112566,0.0
1689,3000.0,0.10102389262604584,59.89033577634555,0.0
1690,3000.0,0.16040955705041834,58.667374559534686,0.0
1691,3000.0,0.18416382282016736,58.131137204630775,0.0
1692,3000.0,0.19366552912806695,57.85765317989845,0.0
1693,3000.0,0.1974662116512268,57.687359888547256,0.0
1694,3000.0,0.19898648466049074,57.558082256065234,0.0
1695,3000.0,0.13959459386419631,57.35384894126801,0.0
1696,3000.0,0.11583783754567853,57.15049825320641,0.0
1697,3000.0,0.10633513501827141,56.94802637746867,0.0
1698,3000.0,0.10253405400730857,56.74642951612765,0.0
1699,3000.0,0.10101362160292343,56.54570388766953,0.0
1700,3000.0,0.16040544864116937,56.445774807296225,0.0
1701,3000.0,0.18416217945646776,56.34606165662589,0.0
1702,3000.0,0.19366487178258712,56.24656396907126,0.0
1703,3000.0,0.19746594871303486,56.14728127905328,0.0
1704,3000.0,0.19898637948521394,56.04821312199894,0.0
1705,3000.0,0.1395945517940856,55.85050494667923,0.0
1706,3000.0,0.11583782071763424,55.65365119866762,0.0
1707,3000.0,0.1063351282870537,55.45764818542067,0.0
1708,3000.0,0.10253405131482149,55.26249223035287,0.0
1709,3000.0,0.1010136205259286,55.06817967276764,0.0
1710,3000.0,0.16040544821037145,54.971443270278165,0.0
1711,3000.0,0.18416217928414857,54.87491589865917,0.0
1712,3000.0,0.19366487171365943,54.77859710623058,0.0
1713,3000.0,0.19746594868546377,54.68248644228833,0.0
1714,3000.0,0.19898637947418552,54.58658345710226,0.0
1715,3000.0,0.13959455178967423,54.3951919467257,0.0
1716,3000.0,0.11583782071586969,54.204627565185575,0.0
1717,3000.0,0.10633512828634788,54.01488673791312,0.0
1718,3000.0,0.10253405131453916,53.82596590578767,0.0
1719,3000.0,0.10101362052581567,53.63786152506983,0.0
1720,3000.0,0.16040544821032626,53.54421579620245,0.0
1721,3000.0,0.1841621792841305,53.450772419786865,0.0
1722,3000.0,0.1936648717136522,53.357530958573925,0.0
1723,3000.0,0.19746594868546088,53.26449097625932,0.0
1724,3000.0,0.19898637947418435,53.17165203748149,0.0
1725,3000.0,0.13959455178967375,52.9863753781578,0.0
1726,3000.0,0.11583782071586951,52.80192823242943,0.0
1727,3000.0,0.10633512828634781,52.61830701542152,0.0
1728,3000.0,0.10253405131453913,52.43550815775181,0.0
1729,3000.0,0.10101362052581565,52.253528105463694,0.0
1730,3120.0,0.16040544821032626,53.91549964203965,0.0
1731,3240.0,0.1841621792841305,56.08685300322466,0.0
1732,3360.0,0.1936648717136522,58.46818433021048,0.0
1733,3480.0,0.19746594868546088,60.936066751145034,0.0
1734,3600.0,0.19898637947418435,63.43796684722577,0.0
1735,3600.0,0.13959455178967375,63.20861078707624,0.0
1736,3600.0,0.11583782071586951,62.98027473665972,0.0
1737,3600.0,0.10633512828634781,62.75295428784202,0.0
1738,3600.0,0.10253405131453913,62.52664505153939,0.0
1739,3600.0,0.10101362052581565,62.30134265763619,0.0
1740,3600.0,0.16040544821032626,61.00131504732218,0.0
1741,3600.0,0.1841621792841305,60.43232858051089,0.0
1742,3600.0,0.1936648717136522,60.14305297888707,0.0
1743,3600.0,0.19746594868546088,59.96362186553748,0.0
1744,3600.0,0.19898637947418435,59.827842143387386,0.0
1745,3600.0,0.19959455178967375,59.72096497720613,0.0
1746,3600.0,0.1998378207158695,59.61430434882663,0.0
1747,3600.0,0.1999351282863478,59.50785979034761,0.0
1748,3600.0,0.19997405131453913,59.401630834878866,0.0
1749,3600.0,0.19998962052581565,59.295617016539055,0.0
1750,3600.0,0.13999584821032626,59.08401872436799,0.0
1751,3600.0,0.1159983392841305,58.87330607679328,0.0
1752,3600.0,0.1063993357136522,58.66347524636099,0.0
1753,3600.0,0.10255973428546089,58.45452242215818,0.0
1754,3600.0,0.10102389371418435,58.24644380974135,0.0
1755,3600.0,0.16040955748567376,58.14283972040333,0.0
1756,3600.0,0.1841638229942695,58.03944509630612,0.0
1757,3600.0,0.1936655291977078,57.93625948483105,0.0
1758,3600.0,0.19746621167908313,57.833282434337484,0.0
1759,3600.0,0.19898648467163327,57.73051349416071,0.0
1760,3600.0,0.1395945938686533,57.52539093505893,0.0
1761,3600.0,0.11583783754746133,57.321126034643626,0.0
1762,3600.0,0.10633513501898453,57.11771508640644,0.0
1763,3600.0,0.10253405400759381,56.9151543998573,0.0
1764,3600.0,0.10101362160303753,56.713440300455154,0.0
1765,3600.0,0.16040544864121503,56.61300471499711,0.0
1766,3600.0,0.18416217945648602,56.51277174818328,0.0
1767,3600.0,0.19366487178259442,56.412740962189325,0.0
1768,3600.0,0.19746594871303777,56.31291192013696,0.0
1769,3600.0,0.1989863794852151,56.21328418609194,0.0
1770,3600.0,0.13959455179408606,56.01443046403203,0.0
1771,3600.0,0.11583782071763443,55.8164073088828,0.0
1772,3600.0,0.10633512828705377,55.61921113121731,0.0
1773,3600.0,0.10253405131482152,55.422838357120916,0.0
1774,3600.0,0.1010136205259286,55.2272854281242,0.0
1775,3600.0,0.16040544821037145,55.12991711463021,0.0
1776,3600.0,0.18416217928414857,55.03274479192875,0.0
1777,3600.0,0.19366487171365943,54.93576803651713,0.0
1778,3600.0,0.19746594868546377,54.83898642580779,0.0
1779,3600.0,0.19898637947418552,54.7423995381263,0.0
1780,3600.0,0.13959455178967423,54.5496143672925,0.0
1781,3600.0,0.11583782071586969,54.357633537160574,0.0
1782,3600.0,0.10633512828634788,54.16645357164432,0.0
1783,3600.0,0.10253405131453916,53.97607100967999,0.0
1784,3600.0,0.10101362052581567,53.78648240516138,0.0
1785,3600.0,0.16040544821032626,53.692083366018274,0.0
1786,3600.0,0.1841621792841305,53.59788830710202,0.0
1787,3600.0,0.1936648717136522,53.50389678764612,0.0
1788,3600.0,0.19746594868546088,53.410108367836514,0.0
1789,3600.0,0.19898637947418435,53.3165226088095,0.0
1790,3600.0,0.13959455178967375,53.12975553648986,0.0
1791,3600.0,0.11583782071586951,52.94379560776246,0.0
1792,3600.0,0.10633512828634781,52.75863933442797,0.0
1793,3600.0,0.10253405131453913,52.57428324336185,0.0
1794,3600.0,0.10101362052581565,52.39072387644923,0.0
1795,3720.0,0.16040544821032626,54.04780013232098,0.0
1796,3840.0,0.1841621792841305,56.21676960361891,0.0
1797,3960.0,0.1936648717136522,58.59666681718835,0.0
1798,4080.0,0.19746594868546088,61.06347878605205,0.0
1799,4200.0,0.19898637947418435,63.56444440337442,0.0
1800,4200.0,0.13959455178967375,63.33338930797026,0.0
1801,4200.0,0.11583782071586951,63.1033327538903,0.0
1802,4200.0,0.10633512828634781,62.87427042577948,0.0
1803,4200.0,0.10253405131453913,62.64619802693222,0.0
1804,4200.0,0.10101362052581565,62.41911127921185,0.0
1805,4200.0,0.16040544821032626,61.114666118141464,0.0
1806,4200.0,0.1841621792841305,60.543447683092324,0.0
1807,4200.0,0.1936648717136522,60.252781915369646,0.0
1808,4200.0,0.19746594868546088,60.07229907203486,0.0
1809,4200.0,0.19898637947418435,59.93561085692399,0.0
1810,4200.0,0.19959455178967375,59.816483734435536,0.0
1811,4200.0,0.1998378207158695,59.70449310731474,0.0
1812,4200.0,0.1999351282863478,59.59548701899373,0.0
1813,4200.0,0.19997405131453913,59.48781014863484,0.0
1814,4200.0,0.19998962052581565,59.380802129738136,0.0
1815,4200.0,0.13999584821032626,59.16782730946746,0.0
1816,4200.0,0.1159983392841305,58.95577289373789,0.0
1817,4200.0,0.1063993357136522,58.74463490487488,0.0
1818,4200.0,0.10255973428546089,58.53440938239405,0.0
1819,4200.0,0.10102389371418435,58.32509238292689,0.0
1820,4200.0,0.16040955748567376,57.15179133643264,0.0
1821,4200.0,0.1841638229942695,56.636487992366526,0.0
1822,4200.0,0.1936655291977078,56.37293803345384,0.0
1823,4200.0,0.19746621167908313,56.20825643931807,0.0
1824,4200.0,0.19898648467163327,56.08287270292355,0.0
1825,4200.0,0.1395945938686533,55.88415040892248,0.0
1826,4200.0,0.11583783754746133,55.6862869249046,0.0
1827,4200.0,0.10633513501898453,55.48927853938605,1.0
1828,4200.0,0.10253405400759381,53.44306831070006,1.0
1829,4200.0,0.10101362160303753,51.52045347415578,0.0
1830,4200.0,0.16040544864121503,51.43095093713371,0.0
1831,4200.0,0.18416217945648602,51.34165620536223,0.0
1832,4200.0,0.19366487178259442,51.25256882980962,0.0
1833,4200.0,0.19746594871303777,51.16368836241445,0.0
1834,4200.0,0.1989863794852151,51.07501435608347,0.0
1835,4200.0,0.13959455179408606,50.898078373295604,0.0
1836,4200.0,0.11583782071763443,50.721935858543546,1.0
1837,4200.0,0.10633512828705377,48.96388481029891,0.0
1838,4200.0,0.10253405131482152,48.796158842615746,0.0
1839,4200.0,0.1010136205259286,48.62918654042406,1.0
1840,4200.0,0.10040544821037145,46.997628376172585,0.0
1841,4200.0,0.10016217928414858,46.83848633141251,1.0
1842,4200.0,0.10006487171365944,45.31514784000158,1.0
1843,4200.0,0.10002594868546377,43.883851001523155,1.0
1844,4200.0,0.1000103794741855,42.53903630697465,0.0
1845,4200.0,0.1000041517896742,42.3992780208357,1.0
1846,4200.0,0.10000166071586969,41.144442620977514,1.0
1847,4200.0,0.10000066428634788,39.96568107272341,1.0
1848,4200.0,0.10000026571453915,38.85839835578226,0.0
1849,4200.0,0.10000010628581567,38.73566317148462,0.0
1850,4320.0,0.16000004251432626,40.825735880971905,0.0
1851,4440.0,0.18400001700573052,43.17993541041194,0.0
1852,4560.0,0.19360000680229222,45.650438870288454,1.0
1853,4680.0,0.19744000272091689,47.521690465974,0.0
1854,4800.0,0.19897600108836677,50.063540556051954,3.0
1855,4800.0,0.1995904004353467,47.65162476226041,1.0
1856,4800.0,0.1998361601741387,46.86387031720182,1.0
1857,4800.0,0.19993446406965548,46.1019490743737,1.0
1858,4800.0,0.1999737856278622,45.36391541811185,2.0
1859,4800.0,0.1999895142511449,44.00748716987938,0.0
1860,4800.0,0.13999580570045797,43.865570139331155,1.0
1861,4800.0,0.1159983222801832,42.526515591311195,1.0
1862,4800.0,0.10639932891207328,41.26878248183259,0.0
1863,4800.0,0.10255973156482931,41.1400203997531,0.0
1864,4800.0,0.10102389262593173,41.01225451708125,2.0
1865,4920.0,0.1604095570503727,41.99880108418573,1.0
1866,5040.0,0.1841638228201491,43.79455060634804,0.0
1867,5160.0,0.19366552912805965,46.26446842860901,0.0
1868,5280.0,0.19746621165122386,48.785557219006904,1.0
1869,5400.0,0.19898648466048954,50.589671972730244,0.0
1870,5400.0,0.1995945938641958,50.49810542642703,0.0
1871,5400.0,0.19983783754567833,50.41211803111644,0.0
1872,5400.0,0.19993513501827134,50.328593888243915,2.0
1873,5400.0,0.19997405400730855,48.68565077374253,0.0
1874,5400.0,0.19998962160292344,48.60745683161224,0.0
1875,5400.0,0.13999584864116937,48.45225630496311,0.0
1876,5400.0,0.11599833945646776,48.299183266072085,0.0
1877,5400.0,0.1063993357825871,48.14822852066262,1.0
1878,5400.0,0.10255973431303485,46.561018980957215,1.0
1879,5400.0,0.10102389372521395,45.071136992496996,0.0
1880,5520.0,0.1604095574900856,46.97180351714604,0.0
1881,5640.0,0.18416382299603423,49.25054512335877,0.0
1882,5760.0,0.1936655291984137,51.68948017583733,1.0
1883,5880.0,0.19746621167936548,53.37737193500818,0.0
1884,6000.0,0.1989864846717462,55.91298405390372,0.0
1885,6000.0,0.1995945938686985,55.826881612030725,0.0
1886,6000.0,0.1998378375474794,55.74169360485805,0.0
1887,6000.0,0.19993513501899177,55.657418056448236,0.0
1888,6000.0,0.1999740540075967,55.57405299513349,0.0
1889,6000.0,0.19998962160303868,55.49159645350645,0.0
1890,6000.0,0.13999584864121548,55.32849648331555,0.0
1891,6000.0,0.11599833945648619,55.16728389670958,0.0
1892,6000.0,0.10639933578259447,55.00795053706036,0.0
1893,6000.0,0.10255973431303779,54.850488282989865,0.0
1894,6000.0,0.10102389372521511,54.694889048217895,0.0
1895,6000.0,0.16040955749008606,53.657254844798715,0.0
1896,6000.0,0.18416382299603443,53.21129735474143,0.0
1897,6000.0,0.1936655291984138,52.99217535102771,0.0
1898,6000.0,0.1974662116793655,52.862519500678246,0.0
1899,6000.0,0.1989864846717462,52.76877619013229,0.0
1900,6000.0,0.1395945938686985,52.629268531907144,0.0
1901,6000.0,0.1158378375474794,52.49154629934044,0.0
1902,6000.0,0.10633513501899176,52.35560177643139,0.0
1903,6000.0,0.10253405400759671,52.22142728052511,0.0
1904,6000.0,0.10101362160303869,52.08901516216854,0.0
1905,6120.0,0.16040544864121548,53.78115033852642,0.0
1906,6240.0,0.1841621794564862,55.979688497750615,0.0
1907,6360.0,0.19366487178259448,58.38744613006978,0.0
1908,6480.0,0.1974659487130378,60.88173262252291,0.0
1909,6600.0,0.19898637948521514,63.41025941839238,0.0
1910,6600.0,0.13959455179408606,63.23474343403298,0.0
1911,6600.0,0.11583782071763443,63.06079955581354,0.0
1912,6600.0,0.10633512828705377,62.88842098962746,0.0
1913,6600.0,0.10253405131482152,62.717600970729976,0.0
1914,6600.0,0.1010136205259286,62.54833276361122,0.0
1915,6600.0,0.16040544821037145,61.26922209320357,0.0
1916,6600.0,0.18416217928414857,60.72570173538492,0.0
1917,6600.0,0.19366487171365943,60.46405578211245,0.0
1918,6600.0,0.19746594868546377,60.313403591465025,0.0
1919,6600.0,0.19898637947418552,60.207107702679636,0.0
1920,6600.0,0.19959455178967422,60.1188152660567,0.0
1921,6600.0,0.1998378207158697,60.03807677347512,0.0
1922,6600.0,0.19993512828634788,59.96071399879832,0.0
1923,6600.0,0.19997405131453916,59.88505929692497,0.0
1924,6600.0,0.19998962052581568,59.81044635025169,0.0
1925,6600.0,0.1399958482103263,59.663004015034495,0.0
1926,6600.0,0.11599833928413052,59.51707500042685,0.0
1927,6600.0,0.1063993357136522,59.37265276637318,0.0
1928,6600.0,0.10255973428546089,59.229730801081786,0.0
1929,6600.0,0.10102389371418435,59.08830262090273,0.0
1930,6600.0,0.16040955748567376,59.018332195554464,0.0
1931,6600.0,0.1841638229942695,58.9489510269241,0.0
1932,6600.0,0.1936655291977078,58.880157841728355,0.0
1933,6600.0,0.19746621167908313,58.81195136943529,0.0
1934,6600.0,0.19898648467163327,58.744330342258365,0.0
1935,6600.0,0.1395945938686533,58.610256648042665,0.0
1936,6600.0,0.11583783754746133,58.47730909327938,0.0
1937,6600.0,0.10633513501898453,58.34548281117785,0.0
1938,6600.0,0.10253405400759381,58.21477295598003,0.0
1939,6600.0,0.10101362160303753,58.08517470286958,0.0
1940,6600.0,0.16040544864121503,58.020928975375476,0.0
1941,6600.0,0.18416217945648602,57.957095431278425,0.0
1942,6600.0,0.19366487178259442,57.89367317992039,0.0
1943,6600.0,0.19746594871303777,57.8306613325679,0.0
1944,6600.0,0.1989863794852151,57.76805900240787,0.0
1945,6600.0,0.13959455179408606,57.64367160667909,0.0
1946,6600.0,0.11583782071763443,57.52036848952405,0.0
1947,6600.0,0.10633512828705377,57.398144965060524,0.0
1948,6600.0,0.10253405131482152,57.27699636765708,0.0
1949,6600.0,0.1010136205259286,57.15691805184555,0.0
1950,6600.0,0.16040544821037145,57.09741172203973,0.0
1951,6600.0,0.18416217928414857,57.03850620774254,0.0
1952,6600.0,0.19366487171365943,56.98020021069412,0.0
1953,6600.0,0.19746594868546377,56.92249243543992,0.0
1954,6600.0,0.19898637947418552,56.86538158932465,0.0
1955,6600.0,0.13959455178967423,56.75235117564781,0.0
1956,6600.0,0.11583782071586969,56.64075370582508,0.0
1957,6600.0,0.10633512828634788,56.5305829871618,0.0
1958,6600.0,0.10253405131453916,56.42183285372604,0.0
1959,6600.0,0.10101362052581567,56.31449716623291,0.0
1960,6600.0,0.16040544821032626,56.261533489081174,0.0
1961,6600.0,0.1841621792841305,56.20915648988132,0.0
1962,6600.0,0.1936648717136522,56.157364900922346,0.0
1963,6600.0,0.19746594868546088,56.10615745723253,0.0
1964,6600.0,0.19898637947418435,56.05553289657355,0.0
1965,6600.0,0.13959455178967375,55.95544702229562,0.0
1966,6600.0,0.11583782071586951,55.85755261943909,0.0
1967,6600.0,0.10633512828634781,55.76184021721185,0.0
1968,6600.0,0.10253405131453913,55.66830038575131,0.0
1969,6600.0,0.10101362052581565,55.57692373594755,0.0
1970,6600.0,0.16040544821032626,55.532312327607364,0.0
1971,6600.0,0.1841621792841305,55.48867678411638,0.0
1972,6600.0,0.1936648717136522,55.44601499679707,0.0
1973,6600.0,0.19746594868546088,55.40432486152838,0.0
1974,6600.0,0.19898637947418435,55.36360427873592,0.0
1975,6600.0,0.13959455178967375,55.28409802802831,0.0
1976,6600.0,0.11583782071586951,55.20669431062742,0.0
1977,6600.0,0.10633512828634781,55.131384040101345,0.0
1978,6600.0,0.10253405131453913,55.05815816928663,0.0
1979,6600.0,0.10101362052581565,54.987007690118574,0.0
1980,6600.0,0.2204054482103263,53.66458717589698,0.0
1981,6600.0,0.26816217928413055,53.14511974011798,0.0
1982,6600.0,0.2872648717136522,52.92914007744887,0.0
1983,6600.0,0.29490594868546094,52.83194898926283,0.0
1984,6600.0,0.2979623794741844,52.78198869369209,0.0
1985,6600.0,0.17918495178967378,52.72626296698918,0.0
1986,6600.0,0.13167398071586953,52.671543865840995,0.0
1987,6600.0,0.11266959228634782,52.61782703995517,0.0
1988,6600.0,0.10506783691453914,52.56510815783985,0.0
1989,6600.0,0.10202713476581565,52.513382906722384,0.0
1990,6720.0,0.16081085390632627,54.2419850324171,0.0
1991,6840.0,0.18432434156253052,56.47875965854186,0.0
1992,6960.0,0.19372973662501222,58.92554695349678,0.0
1993,7080.0,0.19749189465000488,61.459161290152124,0.0
1994,7200.0,0.19899675786000195,64.02708609034524,0.0
1995,7200.0,0.1395987031440008,63.930420867362464,0.0
1996,7200.0,0.11583948125760032,63.835281779183404,0.0
1997,7200.0,0.10633579250304014,63.74166223037389,0.0
1998,7200.0,0.10253431700121605,63.64955565400299,0.0
1999,7200.0,0.10101372680048643,63.5589555115198,0.0
2000,7200.0,0.16040549072019458,62.28899539499968,0.0
2001,7200.0,0.18416219628807784,61.77274049199163,0.0
2002,7200.0,0.19366487851523115,61.54562244027072,0.0
2003,7200.0,0.19746595140609247,61.432504775274985,0.0
2004,7200.0,0.198986380562437,61.36502051211897,0.0
2005,7200.0,0.1395945522249748,61.29094363546782,0.0
2006,7200.0,0.11583782088998992,61.21829527449097,1.0
2007,7200.0,0.10633512835599597,58.975730231794394,0.0
2008,7200.0,0.10253405134239839,58.91530419492942,0.0
2009,7200.0,0.10101362053695936,58.85624767946462,0.0
2010,7200.0,0.16040544821478375,57.74234299410962,0.0
2011,7200.0,0.1841621792859135,57.295508266078386,0.0
2012,7200.0,0.19366487171436542,57.104538256918715,0.0
2013,7200.0,0.19746594868574618,57.01436972483567,0.0
2014,7200.0,0.19898637947429848,56.96445379933474,0.0
2015,7200.0,0.1395945517897194,56.91823851416767,0.0
2016,7200.0,0.11583782071588777,56.87288334360643,0.0
2017,7200.0,0.10633512828635511,56.82838457052903,0.0
2018,7200.0,0.10253405131454205,56.78473849387761,0.0
2019,7200.0,0.10101362052581682,56.741941428589016,0.0
2020,7200.0,0.16040544821032673,55.699009157900846,0.0
2021,7200.0,0.1841621792841307,55.28428511994873,0.0
2022,7200.0,0.1936648717136523,55.11056700658766,0.0
2023,7200.0,0.1974659486854609,55.03181771160978,0.0
2024,7200.0,0.19898637947418438,54.99100242404737,0.0
2025,7200.0,0.2595945517896738,54.320935625043404,0.0
2026,7200.0,0.28383782071586955,54.05342441256759,0.0
2027,7200.0,0.29353512828634787,53.94255649787535,0.0
2028,7200.0,0.2974140513145392,53.893821310643304,0.0
2029,7200.0,0.2989656205258157,53.87002162966076,0.0
2030,7200.0,0.1795862482103263,53.848654101824984,0.0
2031,7200.0,0.13183449928413052,53.82835307670999,0.0
2032,7200.0,0.11273379971365222,53.80911394525473,0.0
2033,7200.0,0.1050935198854609,53.79093211831696,0.0
2034,7200.0,0.10203740795418437,53.77380302658713,0.0
2035,7320.0,0.16081496318167376,55.482597240479166,0.0
2036,7440.0,0.18432598527266952,57.72222835078735,0.0
2037,7560.0,0.1937303941090678,60.18072854891615,0.0
2038,7680.0,0.19749215764362713,62.72962875866571,0.0
2039,7800.0,0.19899686305745085,65.31431852106796,0.0
2040,7800.0,0.2595987452229804,64.42473413162374,0.0
2041,7800.0,0.2838394980891922,64.06528471737742,0.0
2042,7800.0,0.2935357992356769,63.91189523222678,0.0
2043,7800.0,0.2974143196942708,63.84003255824666,0.0
2044,7800.0,0.29896572787770836,63.80069109634904,0.0
2045,7800.0,0.17958629115108335,63.74758087528603,0.0
2046,7800.0,0.13183451646043334,63.694986714078944,0.0
2047,7800.0,0.11273380658417334,63.642906382493074,0.0
2048,7800.0,0.10509352263366933,63.59133765993204,0.0
2049,7800.0,0.10203740905346774,63.5402783353961,0.0
2050,7800.0,0.16081496362138709,62.3028166945358,0.0
2051,7800.0,0.18432598544855483,61.810103718213135,0.0
2052,7800.0,0.19373039417942195,61.60307963418649,0.0
2053,7800.0,0.19749215767176878,61.50850140736262,0.0
2054,7800.0,0.1989968630687075,61.45869308295223,0.0
2055,7800.0,0.139598745227483,61.418569534527094,0.0
2056,7800.0,0.1158394980909932,61.379343197045316,0.0
2057,7800.0,0.10633579923639729,61.34101019306718,1.0
2058,7800.0,0.10253431969455892,59.12534573148067,0.0
2059,7800.0,0.10101372787782358,59.09820135715541,0.0
2060,7800.0,0.16040549115112943,57.99277153757561,0.0
2061,7800.0,0.1841621964604518,57.558655863985486,0.0
2062,7800.0,0.19366487858418072,57.38214190215091,0.0
2063,7800.0,0.1974659514336723,57.307156123688216,0.0
2064,7800.0,0.19898638057346893,57.27272836111881,0.0
2065,7800.0,0.13959455222938758,57.257933231162646,0.0
2066,7800.0,0.11583782089175504,57.24392585136312,0.0
2067,7800.0,0.10633512835670202,57.23070281733271,0.0
2068,7800.0,0.10253405134268082,57.21826073939649,0.0
2069,7800.0,0.10101362053707233,57.206596242528555,0.0
2070,7800.0,0.10040544821482894,57.19570596628871,0.0
2071,7800.0,0.10016217928593157,57.18532058105575,0.0
2072,7800.0,0.10006487171437263,57.17543790486291,0.0
2073,7800.0,0.10002594868574906,57.166055765173176,0.0
2074,7800.0,0.10001037947429962,57.15717199883848,0.0
2075,7800.0,0.16000415178971986,56.108145916448166,0.0
2076,7800.0,0.18400166071588794,55.70116516809994,0.0
2077,7800.0,0.1936006642863552,55.540425464314026,0.0
2078,7800.0,0.1974402657145421,55.476662108152205,0.0
2079,7800.0,0.19897610628581686,55.45156456053888,0.0
2080,7800.0,0.19959044251432675,55.45220088135385,0.0
2081,7800.0,0.1998361770057307,55.45306474066153,0.0
2082,7800.0,0.1999344708022923,55.45415564679002,0.0
2083,7800.0,0.19997378832091692,55.455473109129855,0.0
2084,7800.0,0.19998951532836678,55.4570166381317,0.0
2085,7800.0,0.1399958061313467,55.460554852476385,0.0
2086,7800.0,0.11599832245253869,55.464519968010514,0.0
2087,7800.0,0.10639932898101548,55.468910139812735,0.0
2088,7800.0,0.1025597315924062,55.47372353093482,0.0
2089,7800.0,0.10102389263696249,55.4789583123672,0.0
2090,7800.0,0.160409557054785,55.481785487685926,0.0
2091,7800.0,0.184163822821914,55.484827650033466,0.0
2092,7800.0,0.1936655291287656,55.488084334859515,0.0
2093,7800.0,0.19746621165150624,55.491555078617566,0.0
2094,7800.0,0.1989864846606025,55.49523941876277,0.0
2095,7800.0,0.139594593864241,55.503034368736756,0.0
2096,7800.0,0.1158378375456964,55.511237823740494,0.0
2097,7800.0,0.10633513501827857,55.519848018354566,0.0
2098,7800.0,0.10253405400731143,55.52886319478908,0.0
2099,7800.0,0.10101362160292457,55.53828160285073,0.0
2100,7800.0,0.16040544864116985,55.54319155138033,0.0
2101,7800.0,0.18416217945646796,55.548153871325034,0.0
2102,7800.0,0.19366487178258718,55.553168449519134,0.0
2103,7800.0,0.19746594871303488,55.55823517304147,0.0
2104,7800.0,0.19898637948521397,55.56335392921487,0.0
2105,7800.0,0.1395945517940856,55.573695281996436,0.0
2106,7800.0,0.11583782071763424,55.584117904931325,0.0
2107,7800.0,0.1063351282870537,55.594621446797646,0.0
2108,7800.0,0.10253405131482149,55.605205557891374,0.0
2109,7800.0,0.1010136205259286,55.61586989001979,0.0
2110,7800.0,0.16040544821037145,55.62124199325736,0.0
2111,7800.0,0.18416217928414857,55.6266654692725,0.0
2112,7800.0,0.19366487171365943,55.63214020705742,0.0
2113,7800.0,0.19746594868546377,55.63766609584415,0.0
2114,7800.0,0.19898637947418552,55.64324302510412,0.0
2115,7800.0,0.13959455178967423,55.65449874399099,0.0
2116,7800.0,0.11583782071586969,55.66592401525868,0.0
2117,7800.0,0.10633512828634788,55.677518106159624,0.0
2118,7800.0,0.10253405131453916,55.68928028711294,0.0
2119,7800.0,0.10101362052581567,55.701209831690754,0.0
2120,7800.0,0.16040544821032626,55.70725792414765,0.0
2121,7800.0,0.1841621792841305,55.71340204558767,0.0
2122,7800.0,0.1936648717136522,55.71964198850857,0.0
2123,7800.0,0.19746594868546088,55.72597754585646,0.0
2124,7800.0,0.19898637947418435,55.73240851102487,0.0
2125,7800.0,0.13959455178967375,55.74546084468267,0.0
2126,7800.0,0.11583782071586951,55.75867496636496,0.0
2127,7800.0,0.10633512828634781,55.77205017687907,0.0
2128,7800.0,0.10253405131453913,55.785585780054014,0.0
2129,7800.0,0.10101362052581565,55.79928108272741,0.0
2130,7800.0,0.16040544821032626,55.80620823872995,0.0
2131,7800.0,0.1841621792841305,55.813275641112185,0.0
2132,7800.0,0.1936648717136522,55.820482986825596,0.0
2133,7800.0,0.19746594868546088,55.82782997347651,0.0
2134,7800.0,0.19898637947418435,55.83531629932468,0.0
2135,7800.0,0.13959455178967375,55.85056702723902,0.0
2136,7800.0,0.11583782071586951,55.86606227627359,0.0
2137,7800.0,0.10633512828634781,55.881800989691484,0.0
2138,7800.0,0.10253405131453913,55.89778211532268,0.0
2139,7800.0,0.10101362052581565,55.91400460554425,0.0
2140,7800.0,0.16040544821032626,55.922236011402504,0.0
2141,7800.0,0.1841621792841305,55.93060484537891,0.0
2142,7800.0,0.1936648717136522,55.93911081051474,0.0
2143,7800.0,0.19746594868546088,55.947753610492946,0.0
2144,7800.0,0.19898637947418435,55.95653294963676,0.0
2145,7800.0,0.13959455178967375,55.97436411617989,0.0
2146,7800.0,0.11583782071586951,55.992149492105824,0.0
2147,7800.0,0.10633512828634781,56.00988927530598,0.0
2148,7800.0,0.10253405131453913,56.02758366281658,0.0
2149,7800.0,0.10101362052581565,56.04523285082231,0.0
2150,7800.0,0.16040544821032626,56.05403494274116,0.0
2151,7800.0,0.1841621792841305,56.06283364964206,0.0
2152,7800.0,0.1936648717136522,56.07162897883944,0.0
2153,7800.0,0.19746594868546088,56.080420937631956,0.0
2154,7800.0,0.19898637947418435,56.089209533302466,0.0
2155,7800.0,0.13959455178967375,56.106780012933754,0.0
2156,7800.0,0.11583782071586951,56.12430582854777,0.0
2157,7800.0,0.10633512828634781,56.14178717316717,0.0
2158,7800.0,0.10253405131453913,56.159224238980414,0.0
2159,7800.0,0.10101362052581565,56.17661721734541,0.0
2160,7800.0,0.16040544821032626,56.18529175806924,0.0
2161,7800.0,0.1841621792841305,56.19391830176039,0.0
2162,7800.0,0.1936648717136522,56.202496952132265,0.0
2163,7800.0,0.19746594868546088,56.21102781267415,0.0
2164,7800.0,0.19898637947418435,56.21951098665174,0.0
2165,7800.0,0.13959455178967375,56.23638216756336,0.0
2166,7800.0,0.11583782071586951,56.253121931326085,0.0
2167,7800.0,0.10633512828634781,56.269730845880005,0.0
2168,7800.0,0.10253405131453913,56.28620947671078,0.0
2169,7800.0,0.10101362052581565,56.30255838686023,0.0
2170,7800.0,0.16040544821032626,56.31066826189856,0.0
2171,7800.0,0.1841621792841305,56.31873136005048,0.0
2172,7800.0,0.1936648717136522,56.32674778239284,0.0
2173,7800.0,0.19746594868546088,56.33471762978413,0.0
2174,7800.0,0.19898637947418435,56.342641002864866,0.0
2175,7800.0,0.13959455178967375,56.35839500125136,0.0
2176,7800.0,0.11583782071586951,56.373848660673104,0.0
2177,7800.0,0.10633512828634781,56.38900327909268,0.0
2178,7800.0,0.10253405131453913,56.40386014886331,0.0
2179,7800.0,0.10101362052581565,56.41842055675312,0.0
2180,7800.0,0.16040544821032626,56.425553170361184,0.0
2181,7800.0,0.1841621792841305,56.43255424382928,0.0
2182,7800.0,0.1936648717136522,56.43942406139322,0.0
2183,7800.0,0.19746594868546088,56.44616290667462,0.0
2184,7800.0,0.19898637947418435,56.45277106268227,0.0
2185,7800.0,0.13959455178967375,56.46572656094451,0.0
2186,7800.0,0.11583782071586951,56.47839381440515,0.0
2187,7800.0,0.10633512828634781,56.49077406875992,0.0
2188,7800.0,0.10253405131453913,56.502868564321076,0.0
2189,7800.0,0.10101362052581565,56.51467853604068,0.0
2190,7800.0,0.16040544821032626,56.5204418747872,0.0
2191,7800.0,0.1841621792841305,56.525932922597164,0.0
2192,7800.0,0.1936648717136522,56.53115226784485,0.0
2193,7800.0,0.19746594868546088,56.53610049763317,0.0
2194,7800.0,0.19898637947418435,56.5407781977964,0.0
2195,7800.0,0.13959455178967375,56.54959370800945,0.0
2196,7800.0,0.11583782071586951,56.557851445905214,0.0
2197,7800.0,0.10633512828634781,56.56555382198542,1.0
2198,7800.0,0.10253405131453913,54.66229199901399,0.0
2199,7800.0,0.10101362052581565,54.677146987192266,1.0
2200,7800.0,0.16040544821032626,53.78202826900431,0.0
2201,7800.0,0.1841621792841305,53.79083818822457,0.0
2202,7800.0,0.1936648717136522,53.799369233367365,0.0
2203,7800.0,0.19746594868546088,53.80762200703202,0.0
2204,7800.0,0.19898637947418435,53.81559711051576,0.0
2205,7800.0,0.13959455178967375,53.83099317711721,0.0
2206,7800.0,0.11583782071586951,53.84632762425695,0.0
2207,7800.0,0.10633512828634781,53.86160071823329,0.0
2208,7800.0,0.10253405131453913,53.87681272419368,0.0
2209,7800.0,0.10101362052581565,53.89196390613968,1.0
2210,7800.0,0.2204054482103263,52.054575362782536,0.0
2211,7800.0,0.26816217928413055,51.589412812859806,0.0
2212,7800.0,0.2872648717136522,51.41160358327699,0.0
2213,7800.0,0.29490594868546094,51.34620309406608,0.0
2214,7800.0,0.2979623794741844,51.325370644552045,2.0
2215,7800.0,0.17918495178967378,48.11849887042525,1.0
2216,7800.0,0.13167398071586953,46.72187325928915,1.0
2217,7800.0,0.11266959228634782,45.409611683215644,3.0
2218,7800.0,0.10506783691453914,41.607056183848826,2.0
2219,7800.0,0.10202713476581565,39.53221801527828,2.0
2220,7920.0,0.16081085390632627,40.75307087914537,0.0
2221,8040.0,0.18432434156253052,43.21391057035581,1.0
2222,8160.0,0.19372973662501222,45.20638582566097,3.0
2223,8280.0,0.19749189465000488,45.92027703160299,0.0
2224,8400.0,0.19899675786000195,48.567919474947914,1.0
2225,8400.0,0.2595987031440008,47.564104096768865,1.0
2226,8400.0,0.28383948125760033,46.906193552247366,2.0
2227,8400.0,0.2935357925030402,45.92955606366613,0.0
2228,8400.0,0.2974143170012161,45.915636543952516,0.0
2229,8400.0,0.2989657268004865,45.92001089610791,2.0
2230,8400.0,0.1795862907201946,43.34281831723918,1.0
2231,8400.0,0.13183451628807785,42.234700546445694,0.0
2232,8400.0,0.11273380651523114,42.30024855733108,1.0
2233,8400.0,0.10509352260609246,41.25510910513807,0.0
2234,8400.0,0.102037409042437,41.32489549324425,0.0
2235,8520.0,0.1608149636169748,43.44417077141457,1.0
2236,8640.0,0.18432598544678994,45.27993252070059,1.0
2237,8760.0,0.193730394178716,47.19981559761541,0.0
2238,8880.0,0.1974921576714864,49.815038430809466,0.0
2239,9000.0,0.19899686306859457,52.45041795560901,0.0
2240,9000.0,0.25959874522743787,51.84873090160121,0.0
2241,9000.0,0.2838394980909752,51.617478753771444,0.0
2242,9000.0,0.2935357992363901,51.5301602214833,0.0
2243,9000.0,0.29741431969455606,51.49967819744316,1.0
2244,9000.0,0.29896572787782244,50.9496301154906,0.0
2245,9000.0,0.17958629115112898,50.97293544365461,0.0
2246,9000.0,0.1318345164604516,50.99568134365215,0.0
2247,9000.0,0.11273380658418064,51.01787023314096,0.0
2248,9000.0,0.10509352263367226,51.0395045193305,0.0
2249,9000.0,0.1020374090534689,51.06058659902709,1.0
2250,9120.0,0.16081496362138756,52.066981155790586,0.0
2251,9240.0,0.18432598544855502,54.36586225248875,0.0
2252,9360.0,0.193730394179422,56.85806344454133,0.0
2253,9480.0,0.1974921576717688,59.430082649701596,0.0
2254,9600.0,0.19899686306870754,62.03312691517221,0.0
2255,9600.0,0.25959874522748305,61.22008542767398,0.0
2256,9600.0,0.28383949809099324,60.89608811741951,0.0
2257,9600.0,0.29353579923639733,60.76198001681668,0.0
2258,9600.0,0.29741431969455895,60.70277933065556,0.0
2259,9600.0,0.2989657278778236,60.673229571142144,0.0
2260,9600.0,0.17958629115112945,60.64339117326934,0.0
2261,9600.0,0.1318345164604518,60.61279891749041,0.0
2262,9600.0,0.11273380658418072,60.58145606172212,0.0
2263,9600.0,0.10509352263367229,60.54936584980165,0.0
2264,9600.0,0.10203740905346892,60.51653151154741,0.0
2265,9600.0,0.16081496362138759,59.37686916384971,0.0
2266,9600.0,0.18432598544855505,58.926267211876834,0.0
2267,9600.0,0.19373039417942203,58.739587847978626,0.0
2268,9600.0,0.1974921576717688,58.65635982546651,0.0
2269,9600.0,0.19899686306870754,58.6138858517549,0.0
2270,9600.0,0.13959874522748303,58.58261616531825,0.0
2271,9600.0,0.11583949809099321,58.55029821112636,0.0
2272,9600.0,0.10633579923639729,58.516936519434985,0.0
2273,9600.0,0.10253431969455892,58.482535600921636,0.0
2274,9600.0,0.10101372787782358,58.44709994677022,0.0
2275,9600.0,0.16040549115112943,58.42886698776276,0.0
2276,9600.0,0.1841621964604518,58.410081724732706,0.0
2277,9600.0,0.19366487858418072,58.39074535111487,0.0
2278,9600.0,0.1974659514336723,58.370859057765266,0.0
2279,9600.0,0.19898638057346893,58.35042403296665,0.0
2280,9600.0,0.13959455222938758,58.3084588919016,0.0
2281,9600.0,0.11583782089175504,58.26621148229096,0.0
2282,9600.0,0.10633512835670202,58.22368302400313,0.0
2283,9600.0,0.10253405134268082,58.18087473163463,0.0
2284,9600.0,0.10101362053707233,58.13778781453293,0.0
2285,9600.0,0.16040544821482894,58.116105645676015,0.0
2286,9600.0,0.1841621792859316,58.094238514501974,0.0
2287,9600.0,0.19366487171437263,58.07218682068284,0.0
2288,9600.0,0.19746594868574907,58.049950963027015,0.0
2289,9600.0,0.19898637947429965,58.02753133948115,0.0
2290,9600.0,0.13959455178971986,57.98232535478284,0.0
2291,9600.0,0.11583782071588794,57.93685110735987,0.0
2292,9600.0,0.10633512828635518,57.89110975655226,0.0
2293,9600.0,0.10253405131454207,57.845102456689744,0.0
2294,9600.0,0.10101362052581683,57.79883035711344,0.0
2295,9600.0,0.16040544821032673,57.77556247965542,0.0
2296,9600.0,0.1841621792841307,57.75133566710438,0.0
2297,9600.0,0.1936648717136523,57.72615199155553,0.0
2298,9600.0,0.1974659486854609,57.70001352062666,0.0
2299,9600.0,0.19898637947418438,57.67292231746777,0.0
2300,9600.0,0.13959455178967375,57.61683856407373,0.0
2301,9600.0,0.11583782071586951,57.55897875951804,0.0
2302,9600.0,0.10633512828634781,57.49935057928812,0.0
2303,9600.0,0.10253405131453913,57.437961665700556,0.0
2304,9600.0,0.10101362052581565,57.37481962804445,0.0
2305,9600.0,0.16040544821032626,57.342375835384296,0.0
2306,9600.0,0.1841621792841305,57.308992935219216,0.0
2307,9600.0,0.1936648717136522,57.27467295680039,0.0
2308,9600.0,0.19746594868546088,57.23941792499413,0.0
2309,9600.0,0.19898637947418435,57.203229860291366,0.0
2310,9600.0,0.13959455178967375,57.12899169734282,0.0
2311,9600.0,0.11583782071586951,57.05562531070873,0.0
2312,9600.0,0.10633512828634781,56.98312693286917,0.0
2313,9600.0,0.10253405131453913,56.911492812586154,0.0
2314,9600.0,0.10101362052581565,56.840719214833264,0.0
2315,9600.0,0.16040544821032626,56.80576081777943,0.0
2316,9600.0,0.1841621792841305,56.771153432006635,0.0
2317,9600.0,0.1936648717136522,56.73689629903935,0.0
2318,9600.0,0.19746594868546088,56.702988662040994,0.0
2319,9600.0,0.19898637947418435,56.66942976581037,0.0
2320,9600.0,0.13959455178967375,56.60300794774592,0.0
2321,9600.0,0.11583782071586951,56.537424126419,0.0
2322,9600.0,0.10633512828634781,56.47267468029349,0.0
2323,9600.0,0.10253405131453913,56.408756003484314,0.0
2324,9600.0,0.10101362052581565,56.34566450568982,0.0
2325,9600.0,0.16040544821032626,56.31453055890711,0.0
2326,9600.0,0.1841621792841305,56.28284873273389,0.0
2327,9600.0,0.1936648717136522,56.25062021104411,0.0
2328,9600.0,0.19746594868546088,56.21784617515355,0.0
2329,9600.0,0.19898637947418435,56.184527803825375,0.0
2330,9600.0,0.13959455178967375,56.11680474272594,0.0
2331,9600.0,0.11583782071586951,56.048144048519354,0.0
2332,9600.0,0.10633512828634781,55.97854977333615,0.0
2333,9600.0,0.10253405131453913,55.90802595179491,0.0
2334,9600.0,0.10101362052581565,55.836576601078,0.0
2335,9600.0,0.16040544821032626,55.800391161042434,0.0
2336,9600.0,0.1841621792841305,55.76366875703191,0.0
2337,9600.0,0.1936648717136522,55.72641054933401,0.0
2338,9600.0,0.19746594868546088,55.68861769572915,0.0
2339,9600.0,0.19898637947418435,55.65029135149596,0.0
2340,9600.0,0.13959455178967375,55.572573987337485,0.0
2341,9600.0,0.11583782071586951,55.49431056537587,0.0
2342,9600.0,0.10633512828634781,55.41550344548672,0.0
2343,9600.0,0.10253405131453913,55.33615497734706,0.0
2344,9600.0,0.10101362052581565,55.256267500479396,0.0
2345,9600.0,0.16040544821032626,55.21605542238752,0.0
2346,9600.0,0.1841621792841305,55.175489272866216,0.0
2347,9600.0,0.1936648717136522,55.13456981700347,0.0
2348,9600.0,0.19746594868546088,55.09329781823403,0.0
2349,9600.0,0.19898637947418435,55.05167403834301,0.0
2350,9600.0,0.13959455178967375,54.967724436595844,0.0
2351,9600.0,0.11583782071586951,54.883255710650985,0.0
2352,9600.0,0.10633512828634781,54.79827010398617,0.0
2353,9600.0,0.10253405131453913,54.7127698503836,0.0
2354,9600.0,0.10101362052581565,54.626757173971825,0.0
2355,9600.0,0.16040544821032626,53.624667346616235,0.0
2356,9600.0,0.1841621792841305,53.211522418557315,0.0
2357,9600.0,0.1936648717136522,53.02370359877403,0.0
2358,9600.0,0.19746594868546088,52.92416156781916,0.0
2359,9600.0,0.19898637947418435,52.859412015743274,0.0
2360,9600.0,0.13959455178967375,52.775722077611334,0.0
2361,9600.0,0.11583782071586951,52.69143283555613,0.0
2362,9600.0,0.10633512828634781,52.606546879564824,0.0
2363,9600.0,0.10253405131453913,52.52106678843156,0.0
2364,9600.0,0.10101362052581565,52.4349951298058,0.0
2365,9720.0,0.16040544821032626,54.13880281097594,0.0
2366,9840.0,0.1841621792841305,56.35415712416466,0.0
2367,9960.0,0.1936648717136522,58.780288797719834,0.0
2368,10080.0,0.19746594868546088,61.29306015204644,0.0
2369,10200.0,0.19898637947418435,63.83958067892396,0.0
2370,10200.0,0.13959455178967375,63.69882836351819,0.0
2371,10200.0,0.11583782071586951,63.558258657813724,0.0
2372,10200.0,0.10633512828634781,63.41787077263371,0.0
2373,10200.0,0.10253405131453913,63.27766392221185,0.0
2374,10200.0,0.10101362052581565,63.13763732417765,0.0
2375,10200.0,0.16040544821032626,61.85487675017826,0.0
2376,10200.0,0.1841621792841305,61.317691053806016,0.0
2377,10200.0,0.1936648717136522,61.065911144995326,1.0
2378,10200.0,0.19746594868546088,59.844764707489894,0.0
2379,10200.0,0.19898637947418435,59.75257238029755,0.0
2380,10200.0,0.13959455178967375,59.6252259828984,0.0
2381,10200.0,0.11583782071586951,59.49800425939483,0.0
2382,10200.0,0.10633512828634781,59.37090667098879,0.0
2383,10200.0,0.10253405131453913,59.243932681210715,0.0
2384,10200.0,0.10101362052581565,59.11708175590949,0.0
2385,10200.0,0.16040544821032626,57.96087469425242,0.0
2386,10200.0,0.1841621792841305,57.47612040420275,0.0
2387,10200.0,0.1936648717136522,57.24817476850932,0.0
2388,10200.0,0.19746594868546088,57.120814228752565,0.0
2389,10200.0,0.19898637947418435,57.033095308170005,0.0
2390,10200.0,0.19959455178967375,56.97146329950193,0.0
2391,10200.0,0.1998378207158695,56.90941027675706,0.0
2392,10200.0,0.1999351282863478,56.84693714967502,0.0
2393,10200.0,0.19997405131453913,56.784044826029664,0.0
2394,10200.0,0.19998962052581565,56.72073421163327,0.0
2395,10200.0,0.13999584821032626,56.59327820904839,0.0
2396,10200.0,0.1159983392841305,56.46526464716327,0.0
2397,10200.0,0.1063993357136522,56.336695935559064,0.0
2398,10200.0,0.10255973428546089,56.207574473403525,0.0
2399,10200.0,0.10102389371418435,56.07790264949603,0.0
2400,10200.0,0.16040955748567376,56.01279274590421,0.0
2401,10200.0,0.1841638229942695,55.94728006108771,0.0
2402,10200.0,0.1936655291977078,55.88136546538808,1.0
2403,10200.0,0.19746621167908313,54.8790290005474,0.0
2404,10200.0,0.19898648467163327,54.814335767985646,0.0
2405,10200.0,0.1395945938686533,54.6841419397027,0.0
2406,10200.0,0.11583783754746133,54.55342381949694,0.0
2407,10200.0,0.10633513501898453,54.42218367317927,0.0
2408,10200.0,0.10253405400759381,54.290423756768504,0.0
2409,10200.0,0.10101362160303753,54.158146316533724,0.0
2410,10200.0,0.16040544864121503,54.091749952785065,0.0
2411,10200.0,0.18416217945648602,54.024953587632766,0.0
2412,10200.0,0.19366487178259442,53.95775808541165,0.0
2413,10200.0,0.19746594871303777,53.890164308588865,0.0
2414,10200.0,0.1989863794852151,53.82217311776791,0.0
2415,10200.0,0.13959455179408606,53.68539762561743,0.0
2416,10200.0,0.11583782071763443,53.54774171522513,0.0
2417,10200.0,0.10633512828705377,53.409209191458395,0.0
2418,10200.0,0.10253405131482152,53.26980384274127,0.0
2419,10200.0,0.1010136205259286,53.12952944112553,0.0
2420,10320.0,0.16040544821037145,54.78536911622692,0.0
2421,10440.0,0.18416217928414857,56.96561354815278,0.0
2422,10560.0,0.19366487171365943,59.361254849370354,0.0
2423,10680.0,0.19746594868546377,61.84515659498323,0.0
2424,10800.0,0.19898637947418552,64.36330250556018,0.0
2425,10800.0,0.13959455178967423,64.16625669436652,0.0
2426,10800.0,0.11583782071586969,63.9685909326956,0.0
2427,10800.0,0.10633512828634788,63.77030789976193,0.0
2428,10800.0,0.10253405131453916,63.571410263201415,0.0
2429,10800.0,0.10101362052581567,63.371900679121325,0.0
2430,10800.0,0.16040544821032626,62.05201259535418,0.0
2431,10800.0,0.1841621792841305,61.482477116422444,0.0
2432,10800.0,0.1936648717136522,61.20004315057778,0.0
2433,10800.0,0.19746594868546088,61.030295501302135,0.0
2434,10800.0,0.19898637947418435,60.90524315037249,0.0
2435,10800.0,0.19959455178967375,60.798008815509085,0.0
2436,10800.0,0.1998378207158695,60.697908080352846,0.0
2437,10800.0,0.1999351282863478,60.60068405922045,0.0
2438,10800.0,0.19997405131453913,60.50463916861503,0.0
2439,10800.0,0.19998962052581565,60.409096156587346,0.0
2440,10800.0,0.13999584821032626,60.2187106255163,0.0
2441,10800.0,0.1159983392841305,60.02884078829992,0.0
2442,10800.0,0.1063993357136522,59.839484416285224,0.0
2443,10800.0,0.10255973428546089,59.65063929045073,0.0
2444,10800.0,0.10102389371418435,59.46230320136479,0.0
2445,10800.0,0.16040955748567376,59.368388575254485,0.0
2446,10800.0,0.1841638229942695,59.27457604392791,0.0
2447,10800.0,0.1936655291977078,59.18086538677564,0.0
2448,10800.0,0.19746621167908313,59.087256383664965,0.0
2449,10800.0,0.19898648467163327,58.993748814938826,0.0
2450,10800.0,0.1395945938686533,58.80693610789081,0.0
2451,10800.0,0.11583783754746133,58.62072906423446,0.0
2452,10800.0,0.10633513501898453,58.43512506649915,0.0
2453,10800.0,0.10253405400759381,58.250121508526064,0.0
2454,10800.0,0.10101362160303753,58.06571579541933,0.0
2455,10800.0,0.16040544864121503,57.97381056945832,0.0
2456,10800.0,0.18416217945648602,57.88200309630996,0.0
2457,10800.0,0.19366487178259442,57.79029316474708,0.0
2458,10800.0,0.19746594871303777,57.69868056399895,0.0
2459,10800.0,0.1989863794852151,57.607165083750274,0.0
2460,10800.0,0.13959455179408606,57.42432794453017,0.0
2461,10800.0,0.11583782071763443,57.24225215401194,0.0
2462,10800.0,0.10633512828705377,57.060934421906154,0.0
2463,10800.0,0.10253405131482152,56.88037147214287,0.0
2464,10800.0,0.1010136205259286,56.70056004281021,0.0
2465,10800.0,0.16040544821037145,56.61102846445169,0.0
2466,10800.0,0.18416217928414857,56.52167594303738,0.0
2467,10800.0,0.19366487171365943,56.43250209165574,0.0
2468,10800.0,0.19746594868546377,56.34350652423131,0.0
2469,10800.0,0.19898637947418552,56.25468885552284,0.0
2470,10800.0,0.13959455178967423,56.077408546720285,0.0
2471,10800.0,0.11583782071586969,55.90086557189362,0.0
2472,10800.0,0.10633512828634788,55.725056744536865,0.0
2473,10800.0,0.10253405131453916,55.549978891915025,0.0
2474,10800.0,0.10101362052581567,55.375628855004585,0.0
2475,10800.0,0.16040544821032626,55.28881617171942,0.0
2476,10800.0,0.1841621792841305,55.20217667030982,0.0
2477,10800.0,0.1936648717136522,55.11570997655929,0.0
2478,10800.0,0.19746594868546088,55.02941571705993,0.0
2479,10800.0,0.19898637947418435,54.94329351921075,0.0
2480,10800.0,0.13959455178967375,54.771392503220945,0.0
2481,10800.0,0.11583782071586951,54.60020557373804,0.0
2482,10800.0,0.10633512828634781,54.429729644723665,0.0
2483,10800.0,0.10253405131453913,54.25996164347628,0.0
2484,10800.0,0.10101362052581565,54.09089851057351,0.0
2485,10800.0,0.10040544821032626,53.92253719981475,0.0
2486,10800.0,0.10016217928413051,53.754874678164036,0.0
2487,10800.0,0.1000648717136522,53.587907925693166,0.0
2488,10800.0,0.10002594868546089,53.421633935525016,0.0
2489,10800.0,0.10001037947418435,53.25604971377717,0.0
2490,10800.0,0.10000415178967374,53.09115227950577,0.0
2491,10800.0,0.1000016607158695,52.926967475709304,0.0
2492,10800.0,0.1000006642863478,52.763492222641894,0.0
2493,10800.0,0.10000026571453913,52.600723453867275,0.0
2494,10800.0,0.10000010628581565,52.43865811620127,0.0
2495,10920.0,0.16000004251432626,54.095855607985406,0.0
2496,11040.0,0.18400001700573052,56.27108964198349,0.0
2497,11160.0,0.19360000680229222,58.65976305977334,0.0
2498,11280.0,0.19744000272091689,61.136415129793825,0.0
2499,11400.0,0.19897600108836677,63.64766931628951,0.0
2500,11400.0,0.1395904004353467,63.43786284601378,0.0
2501,11400.0,0.11583616017413868,63.228963087751,1.0
2502,11400.0,0.10633446406965548,60.73686796408512,0.0
2503,11400.0,0.1025337856278622,60.53964098456519,0.0
2504,11400.0,0.10101351425114488,60.343266352789215,0.0
2505,11400.0,0.16040540570045797,59.11606360883947,0.0
2506,11400.0,0.1841621622801832,58.58382694018231,0.0
2507,11400.0,0.1936648649120733,58.317557174012556,0.0
2508,11400.0,0.19746594596482933,58.15575654988315,0.0
2509,11400.0,0.19898637838593175,58.03547808245563,0.0
2510,11400.0,0.1995945513543727,57.931841666753606,0.0
2511,11400.0,0.1998378205417491,57.834957962108255,0.0
2512,11400.0,0.19993512821669965,57.74088718312738,0.0
2513,11400.0,0.19997405128667986,57.64805820816654,0.0
2514,11400.0,0.19998962051467195,57.55584412034109,0.0
2515,11400.0,0.1399958482058688,57.37236444102976,0.0
2516,11400.0,0.11599833928234753,57.189677698319215,0.0
2517,11400.0,0.10639933571293901,57.00778046540788,0.0
2518,11400.0,0.1025597342851756,56.826669330303666,0.0
2519,11400.0,0.10102389371407025,56.64634089575993,0.0
2520,11400.0,0.1604095574856281,56.556566337485854,0.0
2521,11400.0,0.18416382299425124,56.46698576672402,0.0
2522,11400.0,0.1936655291977005,56.3775987643005,0.0
2523,11400.0,0.1974662116790802,56.28840491194712,0.0
2524,11400.0,0.1989864846716321,56.19940379229951,0.0
2525,11400.0,0.13959459386865286,56.02178618549082,0.0
2526,11400.0,0.11583783754746114,55.84493618140473,0.0
2527,11400.0,0.10633513501898446,55.66885046272406,0.0
2528,11400.0,0.10253405400759379,55.49352572646794,0.0
2529,11400.0,0.10101362160303752,55.31895868392984,0.0
2530,11400.0,0.160405448641215,55.23205237227289,0.0
2531,11400.0,0.184162179456486,55.14533385033633,0.0
2532,11400.0,0.1936648717825944,55.0588027123386,0.0
2533,11400.0,0.19746594871303777,54.972458553374956,0.0
2534,11400.0,0.1989863794852151,54.88630096941559,0.0
2535,11400.0,0.13959455179408606,54.714358145191895,0.0
2536,11400.0,0.11583782071763443,54.54312958815602,0.0
2537,11400.0,0.10633512828705377,54.37261221148877,0.0
2538,11400.0,0.10253405131482152,54.202802941711134,0.0
2539,11400.0,0.1010136205259286,54.03369871862662,0.0
2540,11400.0,0.16040544821037145,53.94949760694524,0.0
2541,11400.0,0.18416217928414857,53.86546403397852,0.0
2542,11400.0,0.19366487171365943,53.781597637703854,0.0
2543,11400.0,0.19746594868546377,53.69789805688092,0.0
2544,11400.0,0.19898637947418552,53.614364931049984,0.0
2545,11400.0,0.13959455178967423,53.44763087001037,0.0
2546,11400.0,0.11583782071586969,53.28158856566047,0.0
2547,11400.0,0.10633512828634788,53.116235028463784,0.0
2548,11400.0,0.10253405131453916,52.95156728180358,0.0
2549,11400.0,0.10101362052581567,52.78758236192702,0.0
2550,11520.0,0.16040544821032626,54.44254483156344,0.0
2551,11640.0,0.1841621792841305,56.61652249745653,0.0
2552,11760.0,0.1936648717136522,59.00420625598476,0.0
2553,11880.0,0.19746594868546088,61.47990401223785,1.0
2554,12000.0,0.19898637947418435,62.89717700559292,0.0
2555,12000.0,0.13959455178967375,62.69003768594385,1.0
2556,12000.0,0.11583782071586951,60.22988975532114,0.0
2557,12000.0,0.10633512828634781,60.0342199194069,0.0
2558,12000.0,0.10253405131453913,59.83936689073324,0.0
2559,12000.0,0.10101362052581565,59.64532713933782,0.0
2560,12000.0,0.16040544821032626,58.4401037087064,0.0
2561,12000.0,0.1841621792841305,57.9170232537011,2.0
2562,12000.0,0.1936648717136522,55.668787473599174,1.0
2563,12000.0,0.19746594868546088,54.58730640473812,0.0
2564,12000.0,0.19898637947418435,54.47704744369124,1.0
2565,12000.0,0.2595945517896738,53.173001934830495,1.0
2566,12000.0,0.28383782071586955,52.29535581932834,0.0
2567,12000.0,0.29353512828634787,52.14467098189307,0.0
2568,12000.0,0.2974140513145392,52.05246680421695,1.0
2569,12000.0,0.2989656205258157,51.4311087970122,1.0
2570,12000.0,0.1795862482103263,49.65062044527041,1.0
2571,12000.0,0.13183449928413052,47.97764851557943,0.0
2572,12000.0,0.11273379971365222,47.83449652195003,0.0
2573,12000.0,0.1050935198854609,47.691934371357334,0.0
2574,12000.0,0.10203740795418437,47.549959514700895,1.0
2575,12000.0,0.16081496318167376,46.77685809214077,3.0
2576,12000.0,0.18432598527266952,44.66563386165823,1.0
2577,12000.0,0.1937303941090678,43.97961328939047,1.0
2578,12000.0,0.19749215764362713,43.31429685274223,0.0
2579,12000.0,0.19899686305745085,43.25269672497606,0.0
2580,12000.0,0.13959874522298035,43.1297338731283,1.0
2581,12000.0,0.11583949808919214,41.85037787807474,1.0
2582,12000.0,0.10633579923567686,40.648297670074115,0.0
2583,12000.0,0.10253431969427075,40.536590142747464,2.0
2584,12000.0,0.1010137278777083,38.40236556508903,0.0
2585,12120.0,0.16040549115108332,40.51730956023663,1.0
2586,12240.0,0.18416219646043333,42.38199081722918,0.0
2587,12360.0,0.19366487858417333,44.86800283222332,1.0
2588,12480.0,0.19746595143366935,46.773655322658094,2.0
2589,12600.0,0.19898638057346774,47.965295409558564,0.0
2590,12600.0,0.1395945522293871,47.82196631336246,2.0
2591,12600.0,0.11583782089175484,44.83912262626138,0.0
2592,12600.0,0.10633512835670195,44.709303782696814,0.0
2593,12600.0,0.10253405134268079,44.58004597190122,0.0
2594,12600.0,0.10101362053707232,44.4513467692823,1.0
2595,12600.0,0.16040544821482894,43.11661309815673,1.0
2596,12600.0,0.1841621792859316,42.23119446427164,0.0
2597,12600.0,0.19366487171437263,42.07767059719519,0.0
2598,12600.0,0.19746594868574907,41.98128986135735,0.0
2599,12600.0,0.19898637947429965,41.907613695353795,0.0
2600,12720.0,0.19959455178971985,44.48951963684657,0.0
2601,12840.0,0.19983782071588796,47.06583211433151,0.0
2602,12960.0,0.19993512828635518,49.63656321433055,2.0
2603,13080.0,0.19997405131454207,50.67989459995584,0.0
2604,13200.0,0.19998962052581684,53.24278751612662,0.0
2605,13200.0,0.19999584821032673,53.15947894287453,0.0
2606,13200.0,0.1999983392841307,53.07639380959157,0.0
2607,13200.0,0.19999933571365228,52.99349687285225,0.0
2608,13200.0,0.19999973428546092,52.91077385943605,0.0
2609,13200.0,0.19999989371418436,52.82821886192358,0.0
2610,13200.0,0.13999995748567376,52.66344170310256,0.0
2611,13200.0,0.1159999829942695,52.499376654967,0.0
2612,13200.0,0.1063999931977078,52.336020640017374,0.0
2613,13200.0,0.10255999727908313,52.173370594054056,0.0
2614,13200.0,0.10102399891163326,52.01142346611985,0.0
2615,13320.0,0.1604095995646533,53.69067177073216,0.0
2616,13440.0,0.18416383982586132,55.87465521345717,0.0
2617,13560.0,0.19366553593034452,58.266881876763954,0.0
2618,13680.0,0.19746621437213782,60.744983352287456,0.0
2619,13800.0,0.19898648574885514,63.25682340527835,0.0
2620,13800.0,0.13959459429954207,63.046977374151886,0.0
2621,13800.0,0.11583783771981683,62.83803822600687,0.0
2622,13800.0,0.10633513508792673,62.63000204160434,0.0
2623,13800.0,0.1025340540351707,62.422864918642944,0.0
2624,13800.0,0.10101362161406828,62.216622971685744,0.0
2625,13800.0,0.1604054486456273,60.928598479019584,0.0
2626,13800.0,0.18416217945825092,60.36992880733524,0.0
2627,13800.0,0.19366487178330039,60.09037758279067,0.0
2628,13800.0,0.19746594871332016,59.92045247433017,0.0
2629,13800.0,0.19898637948532807,59.79409058393916,0.0
2630,13800.0,0.19959455179413124,59.6851803013684,0.0
2631,13800.0,0.1998378207176525,59.583342832357395,0.0
2632,13800.0,0.199935128287061,59.48444343009475,0.0
2633,13800.0,0.1999740513148244,59.3868332493203,0.0
2634,13800.0,0.19998962052592978,59.28985438015189,0.0
2635,13800.0,0.13999584821037192,59.096864125674664,0.0
2636,13800.0,0.11599833928414877,58.90467909820088,0.0
2637,13800.0,0.1063993357136595,58.71329581781404,0.0
2638,13800.0,0.1025597342854638,58.522710819636664,0.0
2639,13800.0,0.10102389371418552,58.33292065376528,0.0
2640,13800.0,0.1604095574856742,58.2384212694855,0.0
2641,13800.0,0.1841638229942697,58.1441260822613,0.0
2642,13800.0,0.19366552919770788,58.05003465085766,0.0
2643,13800.0,0.19746621167908315,57.956146534992996,0.0
2644,13800.0,0.19898648467163327,57.86246129533709,0.0
2645,13800.0,0.1395945938686533,57.67549569168103,0.0
2646,13800.0,0.11583783754746133,57.489338089601944,0.0
2647,13800.0,0.10633513501898453,57.30398499719257,0.0
2648,13800.0,0.10253405400759381,57.119432937636496,0.0
2649,13800.0,0.10101362160303753,56.9356784491429,0.0
2650,13800.0,0.16040544864121503,56.844198267012274,0.0
2651,13800.0,0.18416217945648602,56.75291575795621,0.0
2652,13800.0,0.19366487178259442,56.6618304948369,0.0
2653,13800.0,0.19746594871303777,56.57094205143951,0.0
2654,13800.0,0.1989863794852151,56.48025000247018,0.0
2655,13800.0,0.13959455179408606,56.29925784463789,0.0
2656,13800.0,0.11583782071763443,56.119047873186894,0.0
2657,13800.0,0.10633512828705377,55.9396167077744,0.0
2658,13800.0,0.10253405131482152,55.760960982666305,0.0
2659,13800.0,0.1010136205259286,55.583077346674074,0.0
2660,13800.0,0.16040544821037145,55.494519904882964,0.0
2661,13800.0,0.18416217928414857,55.40615382062292,0.0
2662,13800.0,0.19366487171365943,55.317978680402945,0.0
2663,13800.0,0.19746594868546377,55.22999407162553,0.0
2664,13800.0,0.19898637947418552,55.14219958258472,0.0
2665,13800.0,0.13959455178967423,54.96699002234365,0.0
2666,13800.0,0.11583782071586969,54.79253765806915,0.0
2667,13800.0,0.10633512828634788,54.61883921741848,0.0
2668,13800.0,0.10253405131453916,54.44589144219086,0.0
2669,13800.0,0.10101362052581567,54.27369108826634,0.0
2670,13800.0,0.10040544821032626,54.102234925544934,1.0
2671,13800.0,0.10016217928413051,52.159223696365565,0.0
2672,13800.0,0.1000648717136522,51.99684791848266,0.0
2673,13800.0,0.10002594868546089,51.835145062276,0.0
2674,13800.0,0.10001037947418435,51.674112219607586,0.0
2675,13800.0,0.16000415178967375,50.71439841819204,0.0
2676,13800.0,0.18400166071586951,50.296035799071156,0.0
2677,13800.0,0.1936006642863478,50.08472428617654,0.0
2678,13800.0,0.19744026571453913,49.95470926740545,0.0
2679,13800.0,0.19897610628581566,49.8569951280439,0.0
2680,13920.0,0.19959044251432628,52.421219618227994,0.0
2681,14040.0,0.19983617700573053,54.97988885100552,0.0
2682,14160.0,0.1999344708022922,57.533014830340456,0.0
2683,14280.0,0.1999737883209169,60.08060953425827,0.0
2684,14400.0,0.19998951532836676,62.62268491490197,0.0
2685,14400.0,0.1399958061313467,62.414715082274,0.0
2686,14400.0,0.11599832245253869,62.20764402433743,0.0
2687,14400.0,0.10639932898101548,62.00146785689454,0.0
2688,14400.0,0.1025597315924062,61.79618271253382,0.0
2689,14400.0,0.10102389263696249,61.59178474055737,0.0
2690,14400.0,0.160409557054785,60.323447710268624,0.0
2691,14400.0,0.184163822821914,59.772939088263136,0.0
2692,14400.0,0.1936655291287656,59.49714373120666,0.0
2693,14400.0,0.19746621165150624,59.32925201366305,0.0
2694,14400.0,0.1989864846606025,59.20424768119687,0.0
2695,14400.0,0.199594593864241,59.09643323878629,0.0
2696,14400.0,0.1998378375456964,58.99559465512827,0.0
2697,14400.0,0.19993513501827856,58.897662874336206,0.0
2698,14400.0,0.19997405400731144,58.80101525553133,0.0
2699,14400.0,0.19998962160292458,58.70500433577924,0.0
2700,14400.0,0.13999584864116985,58.51396538254362,0.0
2701,14400.0,0.11599833945646794,58.323752034512694,0.0
2702,14400.0,0.10639933578258717,58.134360723702336,0.0
2703,14400.0,0.10255973431303488,57.94578789754802,0.0
2704,14400.0,0.10102389372521395,57.7580300188382,0.0
2705,14400.0,0.1604095574900856,57.66455679224307,0.0
2706,14400.0,0.18416382299603423,57.571285545351735,0.0
2707,14400.0,0.1936655291984137,57.478215841720505,0.0
2708,14400.0,0.19746621167936548,57.385347245848756,0.0
2709,14400.0,0.1989864846717462,57.29267932317691,0.0
2710,14400.0,0.1395945938686985,57.1077439569919,0.0
2711,14400.0,0.1158378375474794,56.9236078183899,0.0
2712,14400.0,0.10633513501899176,56.740267453381854,0.0
2713,14400.0,0.10253405400759671,56.55771942290569,0.0
2714,14400.0,0.10101362160303869,56.37596030276177,0.0
2715,14400.0,0.16040544864121548,56.28547349315522,0.0
2716,14400.0,0.1841621794564862,56.19516780458473,0.0
2717,14400.0,0.19366487178259448,56.1050428456786,0.0
2718,14400.0,0.1974659487130378,56.015098225910855,0.0
2719,14400.0,0.19898637948521514,55.925333555599366,0.0
2720,14400.0,0.13959455179408606,55.74616333620872,0.0
2721,14400.0,0.11583782071763443,55.567738618343,0.0
2722,14400.0,0.10633512828705377,55.39005618019886,0.0
2723,14400.0,0.10253405131482152,55.213112813896494,0.0
2724,14400.0,0.1010136205259286,55.03690532541945,0.0
2725,14400.0,0.16040544821037145,54.949167929987084,0.0
2726,14400.0,0.18416217928414857,54.86160571457556,0.0
2727,14400.0,0.19366487171365943,54.774218300650716,0.0
2728,14400.0,0.19746594868546377,54.68700531049635,0.0
2729,14400.0,0.19898637947418552,54.599966367212446,0.0
2730,14400.0,0.13959455178967423,54.426235822214316,0.0
2731,14400.0,0.11583782071586969,54.25325608138328,0.0
2732,14400.0,0.10633512828634788,54.08102389999977,0.0
2733,14400.0,0.10253405131453916,53.90953604736681,0.0
2734,14400.0,0.10101362052581567,53.73878930674937,0.0
2735,14400.0,0.10040544821032626,53.56878047531407,0.0
2736,14400.0,0.10016217928413051,53.39950636406908,0.0
2737,14400.0,0.1000648717136522,53.23096379780431,0.0
2738,14400.0,0.10002594868546089,53.063149615031826,0.0
2739,14400.0,0.10001037947418435,52.896060667926584,0.0
2740,14400.0,0.10000415178967374,52.729693822267365,0.0
2741,14400.0,0.1000016607158695,52.56404595737798,0.0
2742,14400.0,0.1000006642863478,52.39911396606874,0.0
2743,14400.0,0.10000026571453913,52.23489475457817,0.0
2744,14400.0,0.10000010628581565,52.07138524251498,0.0
2745,14520.0,0.16000004251432626,53.738937319559994,0.0
2746,14640.0,0.18400001700573052,55.91773455382279,0.0
2747,14760.0,0.19360000680229222,58.3073635582996,0.0
2748,14880.0,0.19744000272091689,60.78394452986201,0.0
2749,15000.0,0.19897600108836677,63.294719822241014,0.0
2750,15000.0,0.1995904004353467,63.17647155907037,0.0
2751,15000.0,0.1998361601741387,63.06605048023423,0.0
2752,15000.0,0.19993446406965548,62.95888752184986,0.0
2753,15000.0,0.1999737856278622,62.853160594884315,0.0
2754,15000.0,0.1999895142511449,62.748142632147086,0.0
2755,15000.0,0.13999580570045797,62.539198448154416,0.0
2756,15000.0,0.1159983222801832,62.33115724966744,0.0
2757,15000.0,0.10639932891207328,62.124015134290765,0.0
2758,15000.0,0.10255973156482931,61.9177682164938,0.0
2759,15000.0,0.10102389262593173,61.7124126275379,0.0
2760,15000.0,0.1604095570503727,61.61017857147085,0.0
2761,15000.0,0.1841638228201491,61.5081654257662,0.0
2762,15000.0,0.19366552912805965,61.40637271307434,0.0
2763,15000.0,0.19746621165122386,61.30479995707711,0.0
2764,15000.0,0.19898648466048954,61.2034466824856,0.0
2765,15000.0,0.13959459386419582,61.00117814759023,0.0
2766,15000.0,0.11583783754567833,60.79978374832181,0.0
2767,15000.0,0.10633513501827134,60.599259706964254,0.0
2768,15000.0,0.10253405400730854,60.3996022621275,0.0
2769,15000.0,0.10101362160292342,60.20080766867694,0.0
2770,15000.0,0.2204054486411694,58.626898784906075,0.0
2771,15000.0,0.2681621794564678,57.985196276636195,0.0
2772,15000.0,0.28726487178258714,57.69531958358588,0.0
2773,15000.0,0.2949059487130349,57.54285645244978,0.0
2774,15000.0,0.297962379485214,57.44482542171554,0.0
2775,15000.0,0.1791849517940856,57.25880036608358,0.0
2776,15000.0,0.13167398071763425,57.073579247300785,0.0
2777,15000.0,0.1126695922870537,56.88915859102628,0.0
2778,15000.0,0.10506783691482148,56.70553493793409,0.0
2779,15000.0,0.10202713476592859,56.52270484364826,0.0
2780,15000.0,0.16081085390637145,56.43168486116327,0.0
2781,15000.0,0.1843243415625486,56.34086155733987,1.0
2782,15000.0,0.19372973662501944,55.30132930902924,0.0
2783,15000.0,0.19749189465000777,55.21294851080796,0.0
2784,15000.0,0.19899675786000312,55.12475868842112,0.0
2785,15000.0,0.13959870314400125,54.94876016998387,0.0
2786,15000.0,0.1158394812576005,54.773522257121456,0.0
2787,15000.0,0.1063357925030402,54.59904166275597,0.0
2788,15000.0,0.10253431700121608,54.42531511401515,0.0
2789,15000.0,0.10101372680048644,54.25233935217095,0.0
2790,15000.0,0.10040549072019458,54.08011113257846,0.0
2791,15000.0,0.10016219628807783,53.90859841355525,0.0
2792,15000.0,0.10006487851523113,53.73779810295186,0.0
2793,15000.0,0.10002595140609245,53.56770712198206,0.0
2794,15000.0,0.10001038056243698,53.39832240516508,0.0
2795,15000.0,0.1600041522249748,52.38246983771361,0.0
2796,15000.0,0.18400166088998993,51.93995526504607,0.0
2797,15000.0,0.193600664355996,51.716729708628975,0.0
2798,15000.0,0.1974402657423984,51.579607166880955,0.0
2799,15000.0,0.19897610629695936,51.476695671118975,0.0
2800,15120.0,0.19959044251878374,54.036988098721295,0.0
2801,15240.0,0.1998361770075135,56.5917337654338,0.0
2802,15360.0,0.19993447080300542,59.14094465686095,0.0
2803,15480.0,0.19997378832120216,61.68463273270836,0.0
2804,15600.0,0.19998951532848086,64.22280992683875,0.0
